variable_name,units,value,data_reference
g_f_If,microS,0.00427,Fabbri_2017_Computational
blockade_If,dimensionless,0,user_defined
Km_f_If,millimolar,45,Fabbri_2017_Computational
alpha_If,dimensionless,0.5927,Fabbri_2017_Computational
Ko_If,millimolar,5.4,Fabbri_2017_Computational
y_shift_Ifg,millivolt,0,Fabbri_2017_Computational
cAMP_iter_Ifg,dimensionless,1,Fabbri_2017_Computational
y_init_Ifg,dimensionless,1330000,Fabbri_2017_Computational
K_If_Ifg,millivolt,24.4,Fabbri_2017_Computational
K05_If_Ifg,uM,17.33,Fabbri_2017_Computational
C_hrv,microF,0.000057,Fabbri_2017_Computational
V_init_hrv,millivolt,-47.787168,Fabbri_2017_Computational
clamp_mode_hrv,dimensionless,0,user_defined
R,joule_per_kilomole_kelvin,8314.472,Fabbri_2017_Computational
T,kelvin,310,Fabbri_2017_Computational
F,coulomb_per_mole,96485.3415,Fabbri_2017_Computational
PDE_cAMP_NES,uM,0,to_be_identified
ACCa_max_NES,nmol_per_umeter2,1,to_be_identified
Area_Ca_NES,umeter2,1,user_defined
EC50_Ca_NES,nM,8,to_be_identified
CaMKII_NES,nM,6.4,to_be_identified
AC2cAMP_conversion_NES,per_cmeter3,2.7,to_be_identified
M2_max_NES,nmol_per_umeter2,1,to_be_identified
Area_M2R_NES,umeter2,1,user_defined
IC50_M2_NES,nM,9.8,to_be_identified
k_M2bindGi_NES,dimensionless,0.99,Wollemann_1975
beta_ntotal_NES,nmol_per_umeter2,1,user_defined
k_beta1_NES,dimensionless,0.76,to_be_identified
K_beta2_NES,dimensionless,0.22,to_be_identified
Area_betaAR_NES,umeter2,1,user_defined
EC50_beta1_NES,nM,31.7,to_be_identified
EC50_beta2_NES,nM,26.9,to_be_identified
IC50_beta2_NES,nM,4000,to_be_identified
k_b1coupleGs_NES,dimensionless,0.72,Wollemann_1975
PKA_init_NES,dimensionless,0,user_defined
T_PKAPbeta2_NES,dimensionless,0.7,Linder_2024
k_b2coupleGi_NES,dimensionless,0.99,Wollemann_1975
k_b2coupleGs_NES,dimensionless,0.99,Wollemann_1975
EC50_Gs_NES,nmole,0.58015026,to_be_identified
k_Gi_NES,dimensionless,0.5,to_be_identified
AC_maxstimulated_NES,nmole,7.7,to_be_identified
T_cAMPPKA_NES,uM,25.87,Linder_2024
ACh_init_NES,nM,0,user_defined
ISO_init_NES,nM,0,user_defined
t_holding_Vclamp,second,0.5,Fabbri_2017_Computational
V_test_Vclamp,millivolt,-35,Fabbri_2017_Computational
V_holding_Vclamp,millivolt,-45,Fabbri_2017_Computational
t_test_Vclamp,second,0.5,Fabbri_2017_Computational
Nao,millimolar,140,Fabbri_2017_Computational
Ki,millimolar,140,Fabbri_2017_Computational
Ko,millimolar,5.4,Fabbri_2017_Computational
Cao,millimolar,1.8,Fabbri_2017_Computational
Nai_clamp_Naic2,dimensionless,1,Fabbri_2017_Computational
i_NaCa_Naic2,nanoA,EMPTY_MUST_BE_FILLED,EMPTY_MUST_BE_FILLED
i_NaK_Naic2,nanoA,0.00291,user_defined
i_fNa_Naic2,nanoA,-0.0021,user_defined
g_KACh_IKACh,microS,0.00345,Fabbri_2017_Computational
ACh_on_IKACh,dimensionless,1,Fabbri_2017_Computational
a_init_IKAChg,dimensionless,0.00277,Fabbri_2017_Computational
g_to_Ito,microS,0.0035,Fabbri_2017_Computational
q_init_Itoqg,dimensionless,0.430836,Fabbri_2017_Computational
r_init_Itorg,dimensionless,0.014523,Fabbri_2017_Computational
g_Na_INA,microS,0.0223,Fabbri_2017_Computational
g_Na_L_INA,microS,0,Fabbri_2017_Computational
m_init_INAm,dimensionless,0.447724,Fabbri_2017_Computational
delta_m_INAm,millivolt,0.00001,Fabbri_2017_Computational
h_init_INAh,dimensionless,0.003058,Fabbri_2017_Computational
Km_Kp_INAK,millimolar,1.4,Fabbri_2017_Computational
Km_Nap_INAK,millimolar,14,Fabbri_2017_Computational
i_NaK_max_INAK,nanoA,0.08105,Fabbri_2017_Computational
K_NaCa_INCX,nanoA,3.343,Fabbri_2017_Computational
Qci_INCX,dimensionless,0.1369,Fabbri_2017_Computational
Qn_INCX,dimensionless,0.4315,Fabbri_2017_Computational
Qco_INCX,dimensionless,0,Fabbri_2017_Computational
blockade_NaCa_INCX,dimensionless,0,Fabbri_2017_Computational
K3ni_INCX,millimolar,26.44,Fabbri_2017_Computational
Kci_INCX,millimolar,0.0207,Fabbri_2017_Computational
K1ni_INCX,millimolar,395.3,Fabbri_2017_Computational
K2ni_INCX,millimolar,2.289,Fabbri_2017_Computational
Kcni_INCX,millimolar,26.44,Fabbri_2017_Computational
K3no_INCX,millimolar,4.663,Fabbri_2017_Computational
K1no_INCX,millimolar,1628,Fabbri_2017_Computational
K2no_INCX,millimolar,561.4,Fabbri_2017_Computational
Kco_INCX,millimolar,3.663,Fabbri_2017_Computational
g_Kur_Ikur,microS,0.000154,Fabbri_2017_Computational
r_Kur_init_Ikurr,dimensionless,0.011845,Fabbri_2017_Computational
s_Kur_init_Ikurs,dimensionless,0.845304,Fabbri_2017_Computational
V_jsr_part_Cellp2,dimensionless,0.0012,Fabbri_2017_Computational
V_i_part_Cellp2,dimensionless,0.46,Fabbri_2017_Computational
V_nsr_part_Cellp2,dimensionless,0.0116,Fabbri_2017_Computational
R_cell_Cellp2,micrometre,3.9,Fabbri_2017_Computational
L_cell_Cellp2,micrometre,67,Fabbri_2017_Computational
L_sub_Cellp2,micrometre,0.02,Fabbri_2017_Computational
P_CaL_IcaL,nanoA_per_millimolar,0.4578,Fabbri_2017_Computational
dL_init_IcaLdl,dimensionless,0.001921,Fabbri_2017_Computational
k_dL_IcaLdl,millivolt,4.3371,Fabbri_2017_Computational
V_dL_IcaLdl,millivolt,-16.4508,Fabbri_2017_Computational
fL_init_IcaLfl,dimensionless,0.846702,Fabbri_2017_Computational
k_fL_IcaLfl,millivolt,0,Fabbri_2017_Computational
shift_fL_IcaLfl,millivolt,0,Fabbri_2017_Computational
fCa_init_IcaLfCa,dimensionless,0.844449,Fabbri_2017_Computational
alpha_fCa_IcaLfCa,per_second,0.0075,Fabbri_2017_Computational
Km_fCa_IcaLfCa,millimolar,0.000338,Fabbri_2017_Computational
n_init_Iksn,dimensionless,0.1162,Fabbri_2017_Computational
g_Kr_Ikr,microS,0.00424,Fabbri_2017_Computational
paS_init_Ikrp,dimensionless,0.283185,Fabbri_2017_Computational
paF_init_Ikrp,dimensionless,0.011068,Fabbri_2017_Computational
piy_init_Ikrpi,dimensionless,0.709051,Fabbri_2017_Computational
P_CaT_IcaT,nanoA_per_millimolar,0.04132,Fabbri_2017_Computational
dT_init_IcaTd,dimensionless,0.268909,Fabbri_2017_Computational
fT_init_IcaTf,dimensionless,0.020484,Fabbri_2017_Computational
offset_fT_IcaTf,second,0,Fabbri_2017_Computational
